personnelid,name,Type,birth,driverlicence,restaurantid
1,Vladamir,deliverer,1996-02-14,true,293
2,Siana,waiter,1998-10-30,,303
3,Rickey,deliverer,1990-09-18,true,469
4,Charissa,waiter,1994-08-19,,439
5,Zebulon,waiter,1965-09-26,,177
6,Savina,waiter,1990-06-07,,187
7,Jayson,waiter,1980-06-28,,345
8,Meryl,waiter,1962-07-01,,466
9,Aristotle,waiter,2000-05-20,,436
10,Nolie,cook,1966-03-08,,305
11,Whitman,deliverer,1982-05-20,true,424
12,Belinda,cook,1979-06-29,,425
13,Ynes,cook,1989-08-19,,277
14,Walden,cook,1994-03-09,,83
15,Gusti,deliverer,1990-04-19,true,414
16,Kat,deliverer,1999-10-29,true,155
17,Malvin,waiter,1996-03-10,,497
18,Leicester,cook,1971-06-14,,487
19,Jessie,deliverer,1966-10-19,true,222
20,Lance,cook,1967-12-10,,285
21,Huey,waiter,1999-12-20,,490
22,Caty,waiter,2001-01-11,,24
23,Chaddy,cook,1994-08-15,,60
24,Hanna,cook,1973-03-12,,416
25,Shannan,deliverer,1985-03-10,true,139
26,Reilly,cook,1969-11-06,,77
27,Sibby,deliverer,1996-02-20,true,334
28,Raye,deliverer,2003-10-10,true,476
29,Chandal,cook,1993-12-24,,395
30,Mina,deliverer,1973-04-04,true,386
31,Reinold,deliverer,1963-07-24,true,8
32,Corabelle,deliverer,1998-08-24,true,400
33,Jenda,waiter,1982-05-20,,438
34,Julia,deliverer,1979-09-04,true,138
35,Amory,waiter,1985-11-18,,157
36,Lucian,deliverer,1963-09-12,true,161
37,Pansie,waiter,1987-06-19,,140
38,Melinda,waiter,1977-02-19,,255
39,Nanice,waiter,1977-04-15,,178
40,Richard,deliverer,1964-06-11,true,482
41,Carver,waiter,1984-01-01,,468
42,Chaddie,cook,1994-11-04,,158
43,Mabelle,deliverer,1966-12-06,true,466
44,Wildon,cook,1986-12-24,,171
45,Yetty,cook,1997-08-27,,125
46,Channa,cook,2003-10-23,,334
47,Patrizio,cook,2001-07-11,,189
48,Orsa,waiter,1985-02-09,,206
49,Patricia,cook,1962-03-20,,339
50,Gray,cook,1991-08-30,,9
51,Charlton,cook,1971-05-25,,132
52,Sheffy,cook,1988-10-21,,235
53,Taite,cook,1965-10-08,,454
54,Aubrey,deliverer,1982-06-24,true,181
55,Chere,cook,1992-03-04,,70
56,Lazare,waiter,1986-10-23,,421
57,Dalli,deliverer,1987-02-13,true,289
58,Karalynn,waiter,1977-05-07,,234
59,Eula,cook,2004-04-15,,349
60,Reinwald,deliverer,1981-11-12,true,398
61,Tillie,waiter,1972-03-14,,155
62,Bevan,deliverer,1976-01-11,true,210
63,Odelle,waiter,1980-11-11,,432
64,Stanton,deliverer,2002-05-29,true,219
65,Fianna,waiter,2002-10-03,,86
66,Waylan,waiter,1975-04-21,,154
67,Kirk,cook,1972-11-15,,447
68,Camellia,cook,1968-12-18,,243
69,Evy,cook,1962-05-29,,266
70,Virgina,waiter,2001-10-09,,384
71,Gusty,waiter,2005-03-03,,408
72,Flem,deliverer,1963-02-03,true,211
73,Korella,waiter,1984-03-15,,176
74,Cookie,deliverer,1967-03-30,true,280
75,Collie,deliverer,1986-08-24,true,205
76,Brendin,deliverer,1969-07-10,true,372
77,Allix,cook,1980-09-19,,138
78,Hollis,waiter,1977-08-18,,53
79,Jdavie,deliverer,1981-05-05,true,229
80,Thaine,cook,2000-10-07,,78
81,Larry,deliverer,1965-08-10,true,139
82,Otto,cook,1983-10-13,,460
83,Lev,waiter,2005-03-27,,217
84,Buddy,waiter,1998-06-10,,427
85,Tracey,waiter,2000-10-23,,169
86,Laure,cook,1985-03-28,,222
87,Blythe,deliverer,1966-10-24,true,354
88,Mord,waiter,1967-02-07,,446
89,Doretta,cook,1962-08-07,,454
90,Emmy,cook,1997-06-05,,221
91,Talyah,cook,1983-12-09,,278
92,Starr,waiter,1972-01-19,,129
93,Kingston,deliverer,1962-04-22,true,386
94,Clevie,deliverer,1973-06-20,true,12
95,Kori,waiter,1990-09-20,,326
96,Tatiania,deliverer,1985-04-19,true,58
97,Romola,waiter,1982-10-16,,15
98,Ferguson,cook,1987-03-01,,298
99,Lusa,cook,2005-05-23,,268
100,Clemente,cook,1975-09-23,,261
101,Caroline,waiter,1960-06-02,,137
102,Witty,cook,1964-01-02,,409
103,Arabelle,waiter,1979-10-19,,238
104,Robbert,cook,1969-12-07,,394
105,Maddy,waiter,1963-02-25,,220
106,Harriott,waiter,2001-07-09,,223
107,Bartholomeo,deliverer,1991-06-28,true,206
108,Cherice,cook,1983-06-16,,400
109,Letizia,waiter,1974-12-05,,73
110,Yoko,cook,2001-06-05,,125
111,Judas,cook,1995-12-26,,336
112,Noelyn,deliverer,1972-07-22,true,210
113,Caresse,waiter,1992-11-09,,343
114,Henrie,cook,1973-01-04,,225
115,Leonelle,waiter,1991-09-05,,47
116,Michel,deliverer,1976-09-18,true,423
117,Arabela,waiter,1979-02-18,,27
118,Holly,deliverer,1991-05-09,true,75
119,Towny,waiter,1971-08-30,,369
120,Lionel,deliverer,1971-05-22,true,403
121,Rooney,deliverer,1996-07-29,true,93
122,Ginevra,waiter,1993-11-15,,444
123,Anna-diane,deliverer,1982-07-16,true,254
124,Evelyn,waiter,1988-01-06,,331
125,Kimbell,deliverer,1976-12-12,true,23
126,Luigi,waiter,2005-08-03,,316
127,Kanya,deliverer,2000-02-09,true,432
128,Patrice,deliverer,1997-09-15,true,189
129,Franciska,cook,1995-01-25,,136
130,Stan,cook,1979-01-28,,394
131,Idell,deliverer,1963-05-12,true,351
132,Dru,waiter,1967-08-14,,130
133,Shannah,cook,1987-05-28,,428
134,Geoffry,waiter,1982-12-01,,143
135,Moses,cook,1985-07-16,,147
136,Jannel,cook,2006-10-29,,435
137,Salim,waiter,2003-09-30,,352
138,Emalee,waiter,1991-03-31,,390
139,Johnnie,deliverer,2005-01-23,true,2
140,Ruprecht,cook,1978-02-20,,51
141,Debby,deliverer,1981-05-22,true,321
142,Bernete,waiter,1974-11-25,,287
143,Corie,waiter,1962-01-18,,375
144,Dorelle,cook,1989-10-23,,420
145,Garwood,cook,1971-01-11,,387
146,Natasha,cook,1984-01-20,,100
147,Ursa,cook,1960-03-29,,304
148,Kirsti,waiter,1979-03-08,,30
149,Edlin,cook,2002-04-15,,39
150,Nanice,cook,1963-03-18,,309
151,Artur,waiter,1979-04-25,,106
152,Jdavie,waiter,1966-10-14,,395
153,Marlin,waiter,1973-04-30,,487
154,Anya,deliverer,1986-06-17,true,404
155,Lenna,cook,1970-08-28,,274
156,Morty,cook,2002-01-21,,482
157,Rebecca,deliverer,1981-12-08,true,102
158,Robinia,deliverer,2006-03-03,true,162
159,Perl,cook,1981-04-28,,493
160,Maurita,cook,1977-03-15,,299
161,Anica,cook,1962-07-28,,433
162,Sonnie,cook,1983-03-16,,37
163,Lil,waiter,1995-08-25,,118
164,Adela,deliverer,1993-07-16,true,99
165,Heinrick,waiter,1988-05-11,,378
166,Eilis,cook,1999-04-30,,203
167,Jacklin,cook,2002-07-06,,452
168,Jessa,cook,1971-09-09,,413
169,Maureene,cook,1974-09-20,,30
170,Donnie,waiter,2006-11-27,,389
171,Siouxie,cook,1982-05-27,,345
172,Cleopatra,waiter,1991-02-15,,417
173,Sayre,cook,1963-08-14,,145
174,Rainer,waiter,1979-03-08,,430
175,Cesya,deliverer,1997-11-07,true,442
176,Hadley,deliverer,1963-10-14,true,473
177,Lorette,deliverer,1968-12-04,true,202
178,Darby,cook,1982-04-12,,140
179,Katinka,cook,1976-10-05,,457
180,Pansie,cook,2004-09-30,,9
181,Allister,cook,1998-03-22,,360
182,Robert,cook,1973-06-01,,477
183,Annadiane,cook,2004-05-16,,172
184,Ainsley,cook,1973-05-19,,323
185,Edsel,waiter,2001-03-07,,3
186,Cammy,deliverer,1968-08-21,true,498
187,Rayner,deliverer,1964-01-25,true,245
188,Gan,deliverer,1978-07-07,true,423
189,Lena,waiter,1981-06-21,,319
190,Bertram,deliverer,1997-03-30,true,30
191,Orelle,cook,1975-09-18,,44
192,Lyon,cook,1985-06-14,,301
193,Theodosia,cook,1996-12-03,,419
194,Lauralee,deliverer,1975-05-24,true,346
195,Angy,deliverer,1970-03-23,true,171
196,Dolph,cook,1985-10-10,,75
197,Stafford,cook,1977-01-22,,70
198,Free,deliverer,1986-06-19,true,113
199,Timoteo,waiter,2005-02-02,,428
200,Minnie,waiter,1965-08-01,,326
201,Leicester,cook,1961-08-31,,140
202,Laurent,deliverer,1973-02-16,true,319
203,Jerome,deliverer,1973-08-15,true,295
204,Aidan,deliverer,1985-10-10,true,183
205,Shem,waiter,1992-09-17,,281
206,Phillipp,cook,1975-09-11,,100
207,Maryann,cook,1987-04-04,,304
208,Starr,deliverer,1981-03-19,true,301
209,Leela,deliverer,1979-04-28,true,288
210,Butch,deliverer,1960-02-13,true,146
211,Jodi,deliverer,1983-08-09,true,239
212,Kendra,waiter,2006-11-30,,500
213,Godfree,cook,1999-06-07,,306
214,Iver,waiter,1983-11-11,,145
215,Therine,deliverer,1990-11-24,true,112
216,Ella,cook,1995-08-12,,467
217,Bentley,cook,1966-12-10,,144
218,Rosalyn,deliverer,1989-12-30,true,238
219,Zackariah,cook,1988-02-04,,456
220,Johna,deliverer,2001-09-07,true,41
221,Trista,cook,2005-12-08,,203
222,Morris,cook,1975-11-21,,181
223,Arie,waiter,1984-10-04,,344
224,Ellen,cook,1969-02-02,,253
225,Jenifer,deliverer,1968-03-25,true,189
226,Brigida,deliverer,1997-01-03,true,496
227,Rod,waiter,2002-08-11,,403
228,Jonathan,waiter,2002-04-10,,285
229,Eamon,deliverer,1992-10-23,true,120
230,Andy,cook,1965-07-17,,127
231,Ford,cook,1977-04-11,,327
232,Sacha,deliverer,1960-12-09,true,366
233,Miles,deliverer,1977-03-02,true,387
234,Maressa,deliverer,1971-09-25,true,262
235,Margret,cook,1990-04-28,,280
236,Carin,waiter,1995-08-16,,64
237,Michale,deliverer,1961-03-23,true,66
238,Glynis,cook,1986-03-25,,420
239,Cosme,deliverer,1995-07-26,true,373
240,Chicky,deliverer,1987-03-10,true,198
241,Troy,waiter,1982-12-25,,129
242,Brander,deliverer,1989-08-13,true,470
243,Lita,waiter,1961-07-13,,23
244,Bar,waiter,1963-11-07,,403
245,Lynnett,waiter,2002-08-19,,153
246,Jenine,cook,1994-04-03,,256
247,Novelia,deliverer,2003-08-15,true,8
248,Aleen,cook,1970-06-25,,300
249,Dorise,waiter,1987-06-13,,321
250,Gwenora,deliverer,1971-01-10,true,317
251,Muffin,deliverer,1995-04-20,true,35
252,Evvie,waiter,1998-08-05,,127
253,Edithe,waiter,1987-02-21,,262
254,Jimmy,cook,1989-05-11,,166
255,Tilda,cook,1962-05-21,,65
256,Ado,waiter,1978-12-14,,102
257,Denny,cook,1995-04-01,,482
258,Abigael,cook,1970-10-20,,129
259,Melita,waiter,1993-04-23,,17
260,Charil,deliverer,1982-07-06,true,46
261,Saleem,waiter,1998-11-30,,286
262,Stephanie,waiter,1967-06-29,,419
263,Avictor,deliverer,2004-01-02,true,13
264,Ina,cook,2005-05-22,,153
265,Bambi,cook,1960-07-23,,171
266,Daren,cook,1985-01-13,,401
267,Milli,deliverer,1970-05-18,true,148
268,Pansy,deliverer,2004-05-19,true,22
269,Amble,deliverer,1982-02-27,true,167
270,Cy,cook,1972-02-01,,451
271,Dalton,waiter,1962-03-12,,159
272,Roland,cook,2002-12-25,,182
273,Carolus,deliverer,2003-03-29,true,236
274,De witt,waiter,1965-10-27,,292
275,Carr,cook,1999-04-15,,2
276,Agathe,waiter,2004-11-22,,267
277,Gare,cook,2005-07-08,,435
278,Camey,cook,1987-11-19,,396
279,Lorianne,cook,1975-02-15,,20
280,Bernie,waiter,1996-11-09,,403
281,Marysa,waiter,1998-09-11,,245
282,Darice,waiter,1965-12-16,,434
283,Ursulina,waiter,1971-11-05,,333
284,Ree,waiter,2002-04-06,,94
285,Chevalier,deliverer,1992-06-06,true,92
286,Bradley,deliverer,2002-02-17,true,251
287,Darlleen,cook,1963-09-23,,24
288,Goddart,cook,1994-11-08,,17
289,Marni,cook,1981-08-22,,278
290,Bettine,cook,1970-08-20,,432
291,Brynne,cook,1983-05-12,,146
292,Yetty,waiter,1964-06-10,,107
293,Izaak,cook,1994-11-19,,117
294,Waldo,waiter,1971-10-25,,1
295,Ema,deliverer,1964-05-29,true,35
296,Gus,cook,1971-12-09,,84
297,Melisandra,waiter,2004-06-08,,11
298,Tracie,deliverer,1987-09-02,true,365
299,Merle,cook,1966-06-01,,184
300,Ignaz,cook,1999-08-16,,188
301,Selie,cook,1990-12-14,,465
302,Barrie,waiter,1992-08-26,,3
303,Burgess,waiter,2002-02-05,,71
304,Brooke,waiter,1985-02-17,,404
305,Callie,cook,2000-01-21,,318
306,Lemar,deliverer,1979-05-22,true,233
307,Shaylyn,cook,1967-06-03,,144
308,Barbey,deliverer,1968-07-30,true,208
309,Codie,deliverer,1986-08-08,true,146
310,Cathie,deliverer,2006-01-01,true,221
311,Carena,cook,1960-04-03,,51
312,Carry,deliverer,1967-09-14,true,366
313,Abbe,waiter,1997-04-14,,241
314,Stacia,waiter,1997-02-17,,344
315,Siward,cook,1964-08-03,,489
316,Astrid,waiter,1989-02-12,,185
317,Katrina,waiter,1982-02-14,,137
318,Umberto,deliverer,1968-07-16,true,12
319,Rowland,waiter,1965-05-15,,198
320,Geri,cook,1963-03-16,,414
321,Courtney,cook,1992-02-01,,245
322,Todd,waiter,1999-10-02,,438
323,Zacharia,cook,1970-02-27,,43
324,Montgomery,deliverer,1960-07-15,true,109
325,Farrah,cook,1988-07-02,,124
326,Danielle,deliverer,1977-08-02,true,37
327,Rivalee,deliverer,1960-11-11,true,114
328,Arabella,deliverer,1998-03-19,true,112
329,Fairlie,waiter,1963-12-29,,64
330,Shel,deliverer,1994-09-17,true,277
331,Cos,deliverer,1963-05-26,true,341
332,Inesita,cook,1976-05-28,,475
333,Leoine,waiter,1980-04-05,,479
334,Tiffie,cook,1970-12-25,,359
335,Blakeley,waiter,1969-08-11,,63
336,Nessi,cook,1996-01-28,,212
337,Giffie,deliverer,1982-04-16,true,292
338,Janey,cook,1969-04-18,,178
339,Alaine,waiter,1969-11-15,,254
340,Hall,waiter,1982-02-28,,57
341,Pietro,waiter,1998-08-28,,287
342,Jimmy,deliverer,1988-08-22,true,264
343,Estel,cook,1963-09-06,,408
344,Marjory,waiter,1990-10-01,,455
345,Pincas,waiter,1968-03-12,,38
346,Christy,cook,1974-10-07,,242
347,Irene,cook,1960-04-03,,328
348,Giulietta,cook,1969-04-03,,44
349,Em,deliverer,1992-12-12,true,309
350,Marmaduke,cook,1988-02-08,,20
351,Sampson,cook,1982-05-24,,278
352,Ashia,waiter,1982-08-26,,494
353,Gabie,cook,1976-09-24,,332
354,Abrahan,cook,1969-05-12,,52
355,Ameline,waiter,1997-01-11,,465
356,Frasco,waiter,2006-06-09,,162
357,Staci,cook,1985-03-15,,243
358,Olga,waiter,1988-03-13,,30
359,Raffaello,waiter,1976-07-09,,381
360,Brock,deliverer,2000-06-04,true,379
361,Mic,cook,1988-05-04,,31
362,Tiffy,cook,2005-07-29,,249
363,Skip,deliverer,1986-10-05,true,489
364,Lynnea,waiter,1974-09-18,,211
365,Humberto,cook,1971-10-18,,105
366,Karrah,cook,1960-11-23,,24
367,Michele,waiter,2000-10-15,,276
368,Chickie,waiter,2004-09-17,,352
369,Mitchell,deliverer,1991-11-01,true,145
370,Lilllie,cook,1997-09-01,,434
371,Valeda,deliverer,1962-07-18,true,171
372,Gayelord,cook,1965-09-17,,212
373,Ali,cook,1973-01-07,,438
374,Ethelbert,waiter,1966-12-20,,14
375,Reggy,cook,1985-10-27,,396
376,Gallagher,deliverer,1961-09-04,true,220
377,Kerianne,cook,1989-07-10,,316
378,Ignacio,deliverer,1979-02-12,true,337
379,Gothart,cook,1964-08-16,,33
380,Erhart,cook,1998-05-17,,15
381,Janna,deliverer,1995-11-10,true,56
382,Trumann,waiter,2006-11-04,,166
383,Aloin,deliverer,1996-04-03,true,387
384,Audrye,deliverer,2003-05-20,true,104
385,Selinda,deliverer,1980-05-03,true,261
386,Davida,deliverer,1996-10-11,true,227
387,Elysee,cook,1966-10-28,,464
388,Cazzie,waiter,1996-08-02,,352
389,Lindsey,deliverer,2004-06-03,true,299
390,Beverly,waiter,2002-06-05,,340
391,Karalynn,cook,1989-07-27,,38
392,Finn,deliverer,2004-10-01,true,151
393,Bel,waiter,1990-08-05,,139
394,Rae,waiter,1963-04-23,,454
395,Brodie,waiter,1960-06-10,,265
396,Brande,waiter,1967-05-25,,197
397,Elroy,waiter,2000-04-19,,172
398,Elsey,cook,2000-09-12,,407
399,Obie,cook,1980-05-04,,128
400,Stormie,deliverer,1968-02-10,true,468
401,Hussein,deliverer,1994-06-07,true,176
402,Marjorie,waiter,1997-12-06,,320
403,Sarajane,deliverer,1965-01-31,true,220
404,Marcy,waiter,1990-09-27,,318
405,Laurianne,waiter,1967-12-07,,39
406,Cammi,waiter,1998-05-04,,16
407,Marlena,deliverer,2000-05-18,true,250
408,Daniela,waiter,1988-10-16,,161
409,Mord,waiter,2003-07-17,,174
410,Romain,cook,1981-04-17,,306
411,Huberto,cook,1987-06-22,,328
412,Burt,cook,1987-12-14,,72
413,Ivor,waiter,1979-10-30,,56
414,Derick,cook,2003-09-27,,495
415,Gordy,waiter,1999-05-15,,198
416,Hulda,deliverer,1984-10-20,true,249
417,Ella,cook,1966-07-20,,498
418,Tersina,cook,1965-02-24,,246
419,Shea,waiter,1999-11-06,,271
420,Lexie,deliverer,2003-02-01,true,66
421,Sylvia,waiter,1989-12-22,,248
422,Rosa,cook,1993-10-19,,449
423,Nita,waiter,1981-03-22,,296
424,Pooh,cook,1973-03-21,,466
425,Augusta,waiter,1994-05-19,,153
426,Fee,waiter,1989-09-16,,220
427,Winna,waiter,1980-12-07,,463
428,Wenda,cook,1961-03-17,,198
429,Blair,cook,1973-09-23,,291
430,Hagan,deliverer,1980-02-25,true,209
431,Mead,waiter,1963-09-25,,40
432,Sheff,cook,1961-02-02,,312
433,Deirdre,cook,1973-12-21,,256
434,Pooh,deliverer,1984-05-12,true,246
435,Christophe,cook,1964-06-27,,117
436,Anatola,waiter,1965-09-20,,291
437,Jannel,waiter,1981-10-31,,397
438,Glenden,waiter,1979-08-19,,447
439,Malissa,deliverer,1970-06-28,true,395
440,Valaria,deliverer,1972-10-24,true,229
441,Yancy,deliverer,1989-08-01,true,377
442,Anneliese,deliverer,2002-07-15,true,207
443,Essy,deliverer,1972-10-22,true,90
444,Ginny,cook,1961-03-27,,2
445,Natala,deliverer,1988-11-30,true,149
446,Nicolle,waiter,1976-09-14,,201
447,Cullie,waiter,2006-01-26,,30
448,Garner,cook,1968-03-11,,160
449,Fanya,deliverer,1985-03-27,true,320
450,Sherline,deliverer,1960-12-20,true,192
451,Jacky,waiter,1998-06-16,,325
452,Candis,deliverer,2005-10-24,true,223
453,Maxie,deliverer,1965-08-02,true,80
454,Leigh,deliverer,1981-12-28,true,141
455,Gratia,deliverer,1975-08-06,true,26
456,Shep,waiter,1983-01-16,,12
457,Brier,waiter,1969-10-10,,365
458,Clareta,deliverer,1977-10-15,true,418
459,Sybilla,waiter,1963-05-05,,234
460,Gar,cook,1982-10-31,,65
461,Allina,waiter,1976-05-17,,47
462,Johnette,cook,2001-09-13,,284
463,Jacquetta,waiter,1982-10-11,,333
464,Noelle,cook,2001-05-19,,63
465,Ricki,cook,1962-03-06,,400
466,Chrisse,deliverer,1984-09-21,true,63
467,Laurie,deliverer,1963-10-11,true,111
468,Elsi,deliverer,1990-02-16,true,393
469,Caspar,waiter,1971-08-28,,192
470,Carny,cook,1996-02-01,,472
471,Brenda,waiter,1966-04-28,,214
472,Daphne,deliverer,1965-12-14,true,466
473,Randi,waiter,1989-07-07,,115
474,Cammy,waiter,1995-09-07,,297
475,Ernst,waiter,1970-09-17,,65
476,Seana,cook,1978-09-29,,17
477,Bert,cook,1990-12-06,,311
478,Marketa,deliverer,1996-07-19,true,148
479,Ambrosius,deliverer,1960-10-25,true,150
480,Merla,deliverer,1963-12-05,true,305
481,Rob,waiter,1963-09-06,,283
482,Edan,cook,1998-03-29,,98
483,Kissee,cook,1983-07-18,,209
484,George,waiter,1979-04-28,,162
485,Barbe,cook,1994-08-02,,398
486,Tomaso,waiter,1965-06-01,,490
487,Kamilah,deliverer,1984-01-22,true,282
488,Garrott,waiter,2001-10-31,,434
489,Ingaberg,cook,2005-07-10,,126
490,Sigismond,waiter,1982-02-05,,494
491,Charity,cook,1970-11-04,,387
492,Gabrielle,waiter,1994-07-19,,412
493,Thurstan,deliverer,2004-04-11,true,74
494,Bill,cook,2002-06-25,,473
495,Evin,waiter,1963-09-13,,245
496,Dorice,deliverer,2006-09-14,true,424
497,Dotti,cook,1968-08-06,,136
498,Elena,waiter,1997-07-18,,371
499,Camellia,cook,1967-10-10,,197
500,Gretchen,cook,2006-10-09,,270
