reviewid,gradedelivery,grademeal,usercomment,orderid
1,3,1,zpjh  edec qq,305
2,1,1,vyej  sxfu fe,525
3,3,3,ozhl  zhqc dx,167
4,4,2,oeml  xuya vc,188
5,2,3,kohk  sgyn qv,138
6,5,4,lnus  hqwt ed,2
7,1,5,uxag  ioqx fy,551
8,3,2,vsmb  ioqe oq,204
9,3,3,mwri  spce oi,416
10,2,4,pody  wmvk uo,441
11,3,4,ysbh  xqtw ki,368
12,4,2,mhqg  eltn nx,586
13,3,1,twpf  dvhb hl,637
14,2,2,tfrl  wmsi xz,142
15,2,5,nqgt  qeqo vj,339
16,4,3,slsl  lwkh fm,228
17,5,2,otnt  bcbp cu,156
18,3,4,gcqq  vuux at,592
19,5,4,lyyh  gdiu br,636
20,5,1,nicj  uaao po,366
21,3,5,kzwz  rhuc jn,402
22,3,4,khpm  ifsf nw,687
23,2,1,ynlp  jheo ml,515
24,2,1,dayo  vdbr jh,306
25,5,3,iknv  ehjo ac,584
26,1,2,jeok  mgql he,472
27,3,1,foaf  okiv mi,317
28,2,1,hnnm  cozr wh,175
29,4,5,cuxb  azpr ms,162
30,1,4,pcsq  xocv vp,160
31,3,5,rafg  aciz ox,604
32,1,5,koke  nfvz nu,290
33,5,2,qshy  zmuj bx,125
34,4,4,slhe  jwdh po,280
35,5,2,knni  vmzy el,199
36,3,1,vbzm  avhs bx,580
37,4,1,otzs  kfal ch,293
38,2,3,niir  sjmy vn,506
39,4,1,bfvo  zpmv iv,632
40,2,2,vzny  ghjj jd,220
41,5,5,nxqr  wduq jh,229
42,2,1,bhwe  ozyj na,559
43,4,4,lhcv  bkkc eb,644
44,1,4,xlua  wniw qa,626
45,2,5,nbdl  rhzd sc,94
46,5,5,ovbw  vwjv tt,639
47,2,1,gihh  ulex zi,696
48,5,5,hzwu  hkgp fc,535
49,1,1,nwki  ajtq js,194
50,3,2,gsww  tnwn zo,226
51,1,4,rwpz  rhji tj,130
52,4,1,jtex  svon va,18
53,1,1,gnrs  ptgw rn,57
54,2,4,jeds  tdmf gz,70
55,5,4,nnib  hgzi zd,9
56,2,4,ikcp  fjyw xd,352
57,2,2,uhld  aebc nf,46
58,5,2,cizs  chbs qi,207
59,3,5,wvdv  ognh wb,95
60,5,2,xade  jpfd my,280
61,4,3,zevr  tlbk qm,434
62,4,2,yypt  lqjy qv,547
63,1,3,dnlm  kvmb kn,432
64,4,1,hsqz  kdtc mt,238
65,1,5,nido  ahuv nn,139
66,2,5,caif  gvje oz,686
67,2,4,fcjr  dahu op,390
68,5,3,lvku  idab eb,541
69,5,2,zzwg  uckc ul,493
70,3,1,qdxw  lyxe yw,66
71,1,5,dfjq  sggz bh,596
72,3,2,orwi  nktz sl,40
73,1,4,xcgt  udvs fz,85
74,5,2,sbez  dyvm if,562
75,5,1,bmtu  zpst gq,420
76,3,1,icro  ssqv av,450
77,4,5,ckux  grho sh,68
78,4,3,dtok  tdua uc,697
79,3,5,lhro  vfhn vg,402
80,2,2,owvx  iflz ae,145
81,3,1,iyws  srbi js,643
82,1,4,yjkv  zydw bg,296
83,5,2,cejz  lfag ah,667
84,5,5,fbtj  dwsf fr,182
85,2,4,ruzp  ccml mf,352
86,1,1,lzyt  sokn iu,543
87,1,1,whjp  yley as,611
88,5,3,mddg  dmaw bh,78
89,4,3,tuoo  tdhy kr,279
90,2,3,kzet  cecw qe,336
91,3,5,nlpg  oocp wa,14
92,1,5,ngup  jwdz ux,612
93,5,1,blst  uznh fu,106
94,1,4,gphp  ekxq rz,442
95,2,1,zwcz  uoms wt,524
96,2,1,psew  kltg op,55
97,2,4,fzvp  uegd vz,56
98,2,3,dihu  hpfb po,588
99,5,3,ozql  kygb qd,592
100,4,5,hfop  geej bb,408
101,3,2,yrit  uwmr wh,329
102,1,5,vqpv  huyt yc,656
103,1,1,tkrv  spkz mq,608
104,5,1,brzt  ciof ri,375
105,1,3,sjac  elmp un,489
106,5,5,sdfu  darn yb,347
107,5,4,rbcm  axxf bn,46
108,4,5,xalu  lktg vi,389
109,3,3,qtrf  ttzj fz,509
110,4,3,usax  pvum nb,126
111,5,1,djrx  hhbc cu,322
112,2,2,jski  vhsz qc,309
113,1,3,bxst  hhoz vb,392
114,5,3,pjhs  ljpb ca,564
115,2,1,ijqj  uvxd ck,27
116,2,5,jinj  dtpr un,296
117,5,1,ohxg  topy oe,427
118,3,5,jajn  krno kb,266
119,1,2,qlwk  qvde uw,67
120,4,3,gnmw  nbuy cg,464
121,5,3,sdcd  zmgk sa,696
122,1,2,qkjg  tbck mb,592
123,4,4,cser  vrox hq,637
124,2,3,bhdg  vtlx zb,103
125,3,3,lcrw  sxiw to,209
126,5,1,uzyu  lnom co,263
127,3,3,zeyf  igvg nt,329
128,3,2,rxbk  ycto az,493
129,1,4,cwns  spye fx,611
130,2,5,oyiq  lkbh wz,604
131,1,3,caod  wwiw en,324
132,3,1,hgeh  gmqm cf,640
133,3,4,jgts  jhzm km,100
134,5,4,cdrr  abfe ax,483
135,3,5,cqfg  apcc li,585
136,3,3,jlrl  isii iv,588
137,3,1,ipmz  svuf fw,377
138,1,1,rrmh  svsz qb,351
139,2,2,gqhf  aqct cl,599
140,1,5,xpzc  kyvu nw,272
141,1,4,yrfd  xvkz nq,178
142,4,3,kkgx  nqee iv,444
143,1,2,oppp  ylxq kl,52
144,3,3,qcfv  skwj zb,695
145,2,3,ipqv  ichr ex,78
146,2,2,ujes  aeut if,501
147,5,5,jxxh  wevj ih,663
148,4,4,gxzx  nbja am,460
149,3,5,qsoi  imor st,214
150,4,1,atlk  ixfu es,684
151,1,5,nxnn  vkvt zq,604
152,2,1,veax  enku yt,48
153,5,5,adsu  bczq aq,505
154,1,4,ujlx  umgd vs,697
155,3,1,shtq  fsle vt,510
156,3,4,xeph  lgnq xs,148
157,3,3,ovte  sjzs ad,636
158,3,3,nztn  cijf zc,256
159,3,4,qyre  meil nf,36
160,5,4,rhzx  zjzs ua,540
161,5,3,jyoz  czuo gj,502
162,2,5,uluk  cnnd cl,592
163,3,1,lrkd  muev qf,583
164,4,3,xnqh  dsuw wj,593
165,5,2,scda  ovgt uc,673
166,2,3,wmzz  bqse fl,503
167,5,4,udaf  svuk xq,101
168,2,2,emwj  xkuz wy,359
169,3,3,duvz  ydhs zv,549
170,3,4,cllv  nrwb zu,405
171,2,4,qaud  kuvq oa,599
172,1,2,rmmh  sqzy ub,328
173,3,4,hhjk  cznj gz,288
174,2,5,isjh  rumw zc,46
175,5,4,hamm  poon kd,386
176,4,1,ahxu  gpoe tx,587
177,2,2,vuuc  wmiv hs,336
178,5,3,otbf  fslx ku,460
179,3,1,gpcj  zavk hp,670
180,1,3,hywj  kdbr dc,264
181,1,1,lprc  qpco ht,398
182,1,5,kotr  gycx ej,192
183,2,2,edlw  yxsw md,429
184,3,5,anfq  agao wn,107
185,3,4,apwr  owbt lr,459
186,3,4,cnkz  firi ut,381
187,5,2,zqun  cheu lc,161
188,2,1,mwyw  xzky vc,321
189,1,4,yfkx  ncmm li,520
190,4,3,mhzy  fojr gb,71
191,1,3,kopu  aqnn op,279
192,4,1,sryg  kwku wv,553
193,4,4,ivvr  spji bx,241
194,4,5,paoc  nbit fd,594
195,3,4,jmbk  zxav kh,435
196,5,5,argx  lxzp nc,360
197,3,3,rnxs  rofh gy,19
198,2,1,rbdl  mlsh re,458
199,2,5,vsvt  uezc dj,64
200,1,3,qqid  ibxh dh,96
201,1,1,wmad  tfvb os,168
202,5,3,nrmk  gqoh sc,555
203,2,2,yybk  ozov tr,91
204,2,1,sbyb  sxrt qv,432
205,3,1,maag  lbmp rs,286
206,4,5,uekg  mffq sj,74
207,3,4,kyza  yewe vk,341
208,3,4,fpib  znwt if,384
209,5,5,grlc  htzx un,552
210,3,2,meqo  dmjx qj,588
211,5,1,gjrk  zukw lt,592
212,5,2,vkek  hntf yo,541
213,4,4,rmyv  jnpp qv,467
214,5,2,lkzt  cohc je,515
215,1,2,sucv  iiyx ow,649
216,3,2,cjpl  xslg jt,5
217,2,3,tflv  mewu ys,349
218,5,3,ejlk  rqgd ri,567
219,5,1,nykr  wpxz xi,68
220,1,2,ohbh  xnyc uk,62
221,1,3,crsy  pseg fg,97
222,1,5,wbdc  ysvb cw,471
223,3,4,wpwe  pibt mw,36
224,4,5,dwde  ycbn fk,222
225,5,2,ngrq  zvll au,457
226,1,1,psip  dfnk xe,174
227,3,5,htob  midc tl,529
228,3,1,vbaz  acsn fm,259
229,1,2,wehx  wgum ht,427
230,5,2,resa  meaj bk,571
231,3,2,usbe  gdwy no,582
232,1,2,zual  feyf wq,99
233,4,2,xutf  vbsh ja,400
234,4,1,dyby  hxur rz,64
235,2,5,cxbb  elom jg,472
236,2,1,trrb  abbl tl,604
237,1,1,jfbt  qchb nb,266
238,3,5,hkak  ouwt lf,203
239,5,4,wmnm  czsc wy,383
240,3,4,hkho  kzzg mx,43
241,5,5,trxg  haao cs,11
242,4,3,kngq  dvil ju,17
243,4,2,ptsk  xgyc qo,376
244,3,3,xsnn  cbeg vc,189
245,1,2,lwka  gvdu du,56
246,1,4,qrur  lbmq dr,90
247,5,3,eskf  jfom su,501
248,1,1,ubxn  gajv dd,77
249,4,4,bxby  hsmn ww,535
250,5,2,dhhw  pxip af,274
251,2,3,ldcg  jemo id,308
252,1,5,tzqm  qziz gc,229
253,1,1,czif  tnmw lz,580
254,1,3,xtcb  iowu iu,129
255,2,3,qhgk  ysfm yj,259
256,5,5,mczd  xpkg tr,535
257,5,3,wiua  ijlb dy,546
258,2,3,tdkn  bapl xc,397
259,4,4,nqoe  fgdl kg,368
260,3,2,gyqt  dklf jk,488
261,5,3,dipo  iops qi,160
262,2,3,mogr  gpla td,556
263,5,1,vdeb  udaa qe,39
264,5,2,ikfc  uyna um,393
265,1,3,mbnt  ibjn mj,531
266,5,2,ociv  rcym cv,167
267,2,2,yfmy  hasb cb,274
268,2,4,bifq  hdrr np,270
269,5,1,qvhg  jrau vv,663
270,5,1,ggtj  rtlo hj,95
271,4,3,odqh  llou qy,4
272,3,3,uuey  mdwk at,48
273,1,1,gwbt  juoc nq,379
274,2,1,prvt  cxpf ng,269
275,5,3,lyaw  jnhr ub,292
276,4,4,iiup  uvao bf,176
277,2,1,vhsy  swxg dh,298
278,5,1,ztly  yjpw oe,355
279,1,1,bmoe  oqvk xc,169
280,5,5,thkq  lmoc te,103
281,2,4,gjck  cozd tk,273
282,5,2,fpty  adiw tg,334
283,2,4,zdms  smkw ck,582
284,3,2,vgjx  kogs lb,471
285,5,4,exlj  qxxt ea,207
286,5,5,lggt  lxuv al,431
287,2,3,wvtx  alcl vi,418
288,3,1,znxs  dvce as,593
289,4,4,ltwv  zogc kq,652
290,4,3,tkjn  dfrn wp,516
291,2,5,qpvs  cucx ss,112
292,4,1,pacf  xpjf de,396
293,5,5,pmhb  srci ho,345
294,5,5,bnyk  uaxr pr,307
295,3,4,rblw  wzrr ki,342
296,3,5,skjq  tzux sx,258
297,1,4,nrls  yltp qd,67
298,3,4,hzet  lhiu ui,172
299,2,4,amtf  ppns rb,66
300,3,5,aykl  oeov nd,520
301,2,5,psqc  rhxo my,645
302,5,5,qnra  ruks kb,473
303,2,1,gdoa  xpdq jj,434
304,2,4,jhpr  wrah bc,455
305,1,1,mbci  lfet rm,12
306,5,1,vjkc  zpew pj,699
307,5,3,kmym  wkxb hf,96
308,4,3,iets  qdsp em,366
309,4,2,dayt  mbkh vy,59
310,3,1,swjt  ulvt hp,214
311,3,2,gmhd  npjx ck,312
312,3,1,jrmf  egei qw,669
313,2,1,lyia  hcnb nl,593
314,1,5,sucm  wbbv ww,80
315,3,2,sdwi  tvyq gm,490
316,4,2,agby  dzqk kh,263
317,2,2,puec  ebsu ly,456
318,1,1,ddja  hsrm ia,318
319,1,2,tbkb  huqe up,359
320,5,4,lsww  vxfm fp,463
321,2,2,vuvi  euzd yp,193
322,5,3,dldd  bqoq dg,651
323,3,2,dxyw  uimo ib,299
324,1,1,jgfo  jqem vp,650
325,4,5,kqzn  oojv qi,474
326,5,2,uhkl  ijdk yd,507
327,5,2,kodh  lqay ii,685
328,2,1,tijf  hwnv fq,456
329,2,5,rvce  rmyq zg,651
330,1,2,iqdl  lnad vq,316
331,4,2,rgne  bjug gq,38
332,1,4,yppu  cxjj hx,426
333,1,3,iovj  njdg pi,91
334,1,3,dxsv  kdvk ic,93
335,2,5,uthk  lvyi pi,136
336,3,3,nwhc  zlbr sb,200
337,2,2,mylc  jcqv hb,315
338,2,1,lvgm  mpkh lp,418
339,2,1,jzez  swsk dm,377
340,2,1,xgsm  fzid md,325
341,2,1,bagf  qmhd vk,39
342,5,2,pbup  hpll nw,413
343,2,5,xfmh  tejz pk,697
344,5,2,ppwk  zafh oq,186
345,3,3,vznd  cagr ut,345
346,5,2,cden  azhy sc,226
347,1,1,xjhy  znso kv,2
348,3,4,moib  yfhh qv,237
349,4,3,jics  hajv mn,521
350,2,4,yocw  bodh hi,626
351,2,3,ekgz  trtj rg,110
352,1,3,mjkm  gila br,664
353,4,4,klty  btpy wh,683
354,2,2,ktvv  tmmc wy,409
355,1,5,sxrr  lztr gy,231
356,5,4,vfpe  xnnc pv,539
357,5,3,mshu  tmgl ct,144
358,4,3,jell  mchn an,673
359,2,1,iewo  siqt gs,248
360,4,3,zzcv  ifue vp,393
361,3,1,vvhx  etzi pr,624
362,5,4,wlxb  cyjb it,22
363,4,5,odnr  rntx cc,24
364,2,3,xath  lozl wv,526
365,2,4,zvhl  kxdv pv,79
366,3,1,jznq  itpc uq,15
367,3,3,nklr  ektk qv,601
368,5,1,uoux  vphg kf,504
369,5,1,ahqv  nrum pm,382
370,1,1,ufxs  ijcf qp,115
371,5,1,uijz  iiet dc,38
372,2,5,fxyt  qzmn rm,623
373,5,2,bwdl  pcnl fk,518
374,1,4,gynf  yyav bf,56
375,1,1,zyze  zqfm fe,184
376,5,3,yqax  tdlw rr,282
377,5,1,rqdd  tiwl bt,334
378,5,3,dhvv  hcwb yf,637
379,5,4,dzhn  sclb mm,169
380,5,5,bmep  jmem xz,424
381,2,1,hnvv  jjko gw,279
382,4,2,lncc  ptor em,140
383,4,2,nyqb  lisp ph,525
384,3,2,stvv  fqgp wu,241
385,1,2,fmjv  mmod ko,338
386,4,1,ohke  dboc du,657
387,4,5,nmil  rxay xt,115
388,1,2,rgbt  jyua xd,126
389,3,2,mbew  rlfz mf,493
390,2,4,ihtq  fzjd om,589
391,5,5,hnwi  ztsc gr,250
392,2,2,bexd  itsm uq,628
393,2,2,zifo  nwkl tq,459
394,5,2,okkq  cfcx hi,209
395,3,3,gkat  egjb dm,281
396,5,5,jhjn  wxvn gb,222
397,2,1,duce  vkva ug,439
398,3,4,hsnx  meop pi,24
399,5,5,pgah  pwnt sm,396
400,5,5,wufq  hsdm ek,34
401,4,3,nnsm  gyqe qf,368
402,1,2,akej  iuek gx,337
403,3,1,cfpc  gehk dx,415
404,2,2,qgwr  lyko fs,596
405,3,4,jkiu  qqeu yr,578
406,3,1,psbw  fydx it,203
407,3,5,kehe  kopf bv,135
408,5,4,puig  oiig tq,123
409,1,2,efhx  tmko ha,570
410,2,2,yojb  pljn mm,652
411,1,2,fvoy  shji dc,99
412,3,4,gzkh  vszn nc,353
413,3,4,fbsv  vmbf el,581
414,5,3,acpo  skhj bt,342
415,4,4,vtjx  prkn ay,473
416,4,1,wapf  hxzl yp,53
417,2,2,gjyj  ipxk fv,71
418,2,5,qpgf  jymw aa,663
419,4,1,afcb  xrzg pg,57
420,1,5,jshi  fkrn jx,625
421,5,3,rfwl  jfeo dq,289
422,2,1,jpap  jlqs tj,596
423,5,3,czuu  vwrs mv,126
424,5,2,pvxb  mjdj ox,576
425,4,1,vjey  czda oc,434
426,3,5,qafi  buhb ju,604
427,5,5,cymb  sxqb dw,264
428,3,5,zmvg  meis te,448
429,1,5,yzpb  fukt ur,592
430,3,4,fnaf  lcaq aq,232
431,3,4,dwyb  vlyn sk,359
432,1,3,nnca  daro jl,431
433,3,4,thwq  gwwh ee,445
434,2,1,rvjr  mivt rd,223
435,3,1,zbct  yisb iz,560
436,5,2,axbr  jbbv ek,517
437,5,1,xjjt  fjlr oa,117
438,3,4,hdxd  bkco xi,165
439,1,2,wyul  pguu py,244
440,4,2,egyt  yrok aw,649
441,3,2,tjlk  clzo kk,528
442,4,1,ljku  quqe lj,486
443,5,2,fcoj  cutv mg,187
444,3,1,bfki  yjdm pd,253
445,4,5,ewat  ilkv hh,153
446,5,3,uoeq  ucvv su,426
447,1,3,xcfr  hxmu ld,683
448,3,5,ryfu  emfx wq,328
449,1,2,tyxv  esyl wd,84
450,1,1,hhkr  jaqr yl,555
451,3,3,bcfa  kjiq bp,692
452,1,2,bdbq  suod xz,147
453,2,3,kxcz  jixx cn,88
454,3,2,jmqp  bqci ps,463
455,5,2,sixl  yeds ti,17
456,1,3,cfhv  yeya jj,35
457,4,2,udxo  tkht qc,223
458,5,4,fdfs  xiea nd,25
459,1,5,nezb  njim er,646
460,3,1,rgue  qaix nv,374
461,1,4,lxxs  szue my,143
462,3,3,kocc  qjrf or,218
463,5,1,knsd  ylbm nl,672
464,5,5,nrbc  qlqx tm,347
465,4,3,yvei  atuj up,355
466,4,1,vcnc  lbsz ya,142
467,3,1,dhhv  xmed fh,231
468,5,3,jijs  dxss tz,489
469,4,4,fesp  lxgh nv,113
470,3,1,mjnu  cxty yf,376
471,3,2,nwsx  jqsz oz,658
472,5,2,shae  cmyy ua,81
473,1,2,kopw  eiez kz,202
474,1,2,uqgy  jera mw,152
475,3,5,ckrn  rorz mi,215
476,4,3,racc  itkn vi,591
477,5,3,detb  pkeq hv,119
478,3,5,gzur  mnri rf,170
479,4,5,uahg  tklv tr,387
480,3,1,urnq  hsts wk,216
481,4,4,vhkk  rrkf yr,6
482,4,2,rkev  tgzr fy,186
483,4,5,pras  qoep vr,122
484,1,3,kzkp  oqwf ol,263
485,2,1,iceh  rgqw bo,239
486,5,4,pshn  ssbp gh,617
487,1,5,ffum  xlxd al,9
488,5,2,iumj  mdci sd,548
489,4,3,pver  cpea sl,68
490,1,2,ybjq  cvgw ec,689
491,5,2,drzp  hlbx vb,531
492,4,2,bnnm  ummg pv,681
493,3,5,yfdi  fdpz pc,295
494,1,3,mwit  wlrc cx,300
495,3,5,qmvv  brcc aa,432
496,3,5,rxxr  vfoh gj,372
497,3,5,furz  ztqv pq,422
498,1,1,bosm  cxrm nc,337
499,2,2,kvbc  uiec hh,63
500,2,3,rjvy  zdqg br,343
501,4,4,wggx  crwq bh,122
502,3,5,nrsk  fmeu dh,298
503,4,1,lajs  uvrj un,204
504,5,3,zoat  hpvp ws,582
505,3,4,tqny  iqzu hi,23
506,5,4,hjvc  wxhv jt,404
507,5,3,zoyw  tjyf rc,410
508,5,2,vuba  xdpw mf,460
509,4,2,whge  ewgp ja,84
510,2,3,xrpo  ente mm,386
511,1,5,xzts  myua yp,272
512,1,5,jwyo  jnqo ey,281
513,4,5,oeol  kqru ya,345
514,3,4,ckfs  xqfr bo,686
515,1,2,tidw  hnwb we,224
516,2,4,ngzs  tcem oz,61
517,5,3,jkcw  kish wc,163
518,1,1,vneb  rwni am,253
519,3,1,ppqp  oohz sm,477
520,5,4,nwin  knqm ok,208
521,2,4,swcj  khzn hn,257
522,1,3,oahh  kpav ie,411
523,1,2,vosh  knbq qn,132
524,2,3,mpfw  gdhc cm,474
525,1,4,azxl  rqxi ce,412
526,2,1,ihqw  ofxj rl,449
527,3,3,ehsd  cigq mh,626
528,5,5,zvnh  kcjj vk,171
529,3,2,tcnt  okkm vf,584
530,2,1,alxj  jcsz vf,536
531,5,1,snap  cgqx qw,235
532,2,5,qvac  ktqx er,14
533,2,5,iwxx  rfvq dp,289
534,3,5,zvde  zlfw dk,25
535,4,5,xkwd  jgbn mf,523
536,3,3,wuuv  hzmi cr,117
537,1,5,vnqp  mkiw ha,594
538,5,4,flxy  ipve nv,651
539,3,5,cfqv  epvl qe,435
540,5,2,yguq  drbw ua,11
541,2,3,lqvt  ttct lm,402
542,4,3,zeoj  jqts pn,239
543,2,3,gije  epjh mc,192
544,4,2,qdfk  gxcx im,691
545,1,2,zabb  kfvp dn,102
546,4,2,alzb  azqq cw,167
547,2,4,iibt  ashl rp,163
548,4,2,nsge  lxid fv,156
549,4,2,xwih  avoq fj,521
550,1,4,huql  tbcu ju,624
551,3,2,xgye  mzuf uq,151
552,5,1,vqyy  ijjd vt,210
553,5,5,bzce  nvnf uu,580
554,5,3,appv  prrw zu,323
555,1,3,smiy  rijt yv,591
556,4,1,rout  beht fz,551
557,4,1,bpzc  nxmt eq,429
558,4,1,xgdv  kqyb df,668
559,3,5,uocl  gyxh zo,318
560,4,1,uteu  sdkt ng,32
561,2,1,hnlf  bqix mt,209
562,3,5,rxzx  udmp cl,122
563,2,5,uvaf  wmlq xt,620
564,5,1,iron  vyjk hs,485
565,5,1,eovc  imqe gu,387
566,3,1,eued  vyne pr,204
567,3,4,oatm  nggs ms,76
568,4,3,zcbm  zxsz tw,43
569,5,3,dgdc  fgjb uh,700
570,1,3,nduw  stpm pe,354
571,3,5,jvym  qmhm pf,689
572,4,4,dpks  zwdv aq,70
573,4,1,xhvf  zfsw lf,596
574,5,1,lbmi  pasf qy,683
575,4,5,wrzo  gtab eh,111
576,2,1,cncr  cygs sq,95
577,4,1,nkkj  kuwh fl,652
578,3,2,gsss  knuf ua,258
579,1,5,bqoo  mcsf mv,317
580,5,1,obyp  iufj qt,294
581,4,2,zskv  fuoi qx,158
582,3,3,yqza  plrh zw,687
583,5,4,wqdw  gfrt ge,487
584,3,1,zmrs  byfe eb,509
585,1,3,zbvl  khjh zb,136
586,1,5,hvkq  dqht jt,679
587,5,5,idcr  akmg kn,323
588,1,2,edze  qgmh sd,443
589,3,4,fwtr  qifu zi,555
590,3,5,tvzn  sxnm tt,267
591,4,3,ppgw  lczn gl,82
592,4,3,auyv  suof br,491
593,5,1,ypqm  azht bq,293
594,2,1,xbuj  iovg wy,507
595,3,5,inee  iiai bl,194
596,4,1,cwlm  whiz if,569
597,2,3,svgq  ejah sy,646
598,4,1,uync  avww tj,332
599,1,2,mibl  rtvs qk,157
600,1,4,tfhi  gflx yf,306
